{
  "fieldBoolean": true,
  "fieldInt": 503088502,
  "fieldLong": 7463553455608336431,
  "fieldDouble": 0.43983037713401185,
  "fieldDate": 1574833943416,
  "fieldStr": "JKfsTwO",
  "fieldList": [
    "93qiBz3YdBXiAseoJ",
    "KmVcpfzCm1kBP6nLvdfeHSFPez0o8Dp3PFMyOjoO5XOyJNKjFziOZAWtUXqcbCU8m",
    "aJsAT",
    "F7lqi6dVu",
    "oP0ewKNs4M7q",
    "Daes",
    "iZYS7XvNWzPewoIdmz2gN52YySwIy6OAARtsGE4Dzixli9KmhpdOhCK6E6OZ5Rc4Eh3",
    "5CF1PCXkgAozrppDT7H55R3aILhoYMaApZsnuHzA1PG256Bzdq8LX42ma3p9oIdBf98JsGfJ14CTKFx",
    "KZJ6Onv8a5H9CAXLWaVhK76IBln5pRM",
    "sMWJ4HrJnVvM6FUhpffrkCj6DeQalqlu0XX25TLJYal6Sy6Gbn5UTLDusQG1gfLdBNPJ0szHQrKz4oO5GwY7nvW",
    "pQAmWhJba6",
    "4Vf7SKCtegDxCSj0SFGejBwQfBCv7kA3o7p",
    "iSqkRnyepsd5xFTJmkbmsy",
    "NtQDtnuVm07hFyDsr5OewYMHhRMgXNsGRwzlCFTPK9hqrUVBWGW7HjXdmtmf7b768D6DbfY2zJLDU3lCc",
    "gNYBCFRn9JWGsDgsYPkRLlB719Pc4RebLM2RKGxfbxzx",
    "joLe9twElFUA1nH85uyJw2puBI0QlOWgt",
    "3RTielNxQZJzacmYGARuzIb05XHjNAF3Kyic96BSaflhDFSy8Z9SjQxCo7ZVnxwumamwxR2VD1QV4NmiIvPPBUALEB",
    "tM2wxRHYS4SZGeCZPOIc2PfHsC2juEBwQqj1ZqKb6vTnDVlkNeC",
    "dOe1M",
    "B8Bv22vhKwqeRcRlchTY3SOEztIhD9oxaGapGR783zrwTMeq7B9rXOWf91NbLy"
  ],
  "fieldMap": {
    "key1": -2537032683911123254,
    "key2": "Ja5cUCDxy7kTfkW4cCYA9ViBJ3GqisbACu2VLbyKdIbe8JZYSiMaz84AOojQcnbHg",
    "key0": 8412182127034204532,
    "key5": true,
    "key6": 0.594879079452667,
    "key3": "U0Nh5jL3nufPmj3qmywDCmPpWuykxBydWTrWHNEJsW9B9LmRfhG2xrwUjpoPS",
    "key4": 311842867,
    "key9": 0.783237018450496,
    "key7": "Up5ZdCz",
    "key8": 2644796161010814120,
    "key22": 1574833943417,
    "key21": false,
    "key20": 2050591646,
    "key15": 0.9514128640267547,
    "key14": "fqHzb5p",
    "key13": -686729176,
    "key12": 1574833943417,
    "key19": "humEf969DxHp1Ve1LtWS16HoHJX0k8QriMVO58l",
    "key18": true,
    "key17": 1574833943417,
    "key16": true,
    "key11": 0.2980022124453745,
    "key10": true,
    "key26": -2850750328518388701,
    "key25": "WFP2h01bxnEgR5qjyRZ2L8bJmWYlWG8d5A96HSjvFkfxn4J",
    "key24": 549333634,
    "key23": 7966297152489823918,
    "key28": false,
    "key27": true
  }
}
