{
  "fieldBoolean": false,
  "fieldInt": -1701475551,
  "fieldLong": 338465720112256281,
  "fieldDouble": 0.810645990572171,
  "fieldDate": 1574924532137,
  "fieldStr": "osP75Au6csibniMnxW2apgknd6hwGKINtS15RxSXBfAcVYywwIAnlDvyHpLzU1DTMYy7gZGSNxBVu1",
  "fieldList": [
    "mJGg8FY4TcqEglybAyXi",
    "7FS8svhDd7qyYKlvTsZHh09vP5SMIiCi09ecAFxCmnUikSAdYqurRwaPdGyKFL47ca0uoZlJEz203YReiInAQ1bhqvcYrszGri",
    "z95ZEn",
    "BOFSBtl9RA2KKMLwS7Qbh8BCzxZ1YkTqFik",
    "4R6Db2iaDryfh7vBcNRxCfea75W1u9fJ9JYXw11euPnDyVQh0aIEsJH",
    "YS1gFfX4AOlGEQ1hlrR6iqn798BninOpvaqPWsexHEe8cIWgEYNoSZXLbklP",
    "i7GwMeEcS6dQcuDl19WYQbeGX7dkJSp",
    "AV9KjG56UwF0dvb2u4Z5GqDVWKFik4xdBdJjAU11Q4vbG7E5V0feXfu99lkrZZ4s9JyyDZlE9es267osWvPpp8tBi6qcJM",
    "aSr171X4GYVLtG2AgV1vF0h9W",
    "fyoFggliTDB1G2h0m26xu8wvfQUfbHZcmMtFke09gzsHkaTchpMJEM7UL",
    "ikpB8fZqmTGepy9VkWHncAEgfjy1ARiBlGv4Y1VlTyAldl0XDO",
    "48pmbCeoUnthOD4Mr",
    "GkYuU3XkUnWXev1G",
    "OlX8ynOx628899VqWaYiINvMLI02qaD6ggRgKfi2HqaTaQfRu6JzswXvvj2ghxk82903SbuOqTTaV8MFbF6yBEBUPOpRkqlEziK",
    "4YJqYyHa18zRdOZxNWkadLTj9k94tfBog0dE22Uex2B5uSInDiP51qWbAass6Z1m4VBy6TmdhsEvdkhiK3",
    "TeHEjeK5kjSODfpll8flyDmMV2CI6MSJNx5XRWJ2ERIIV",
    "rulkXxNWbEtH0zHPMOBuUek5x0N",
    "l9JVlWXJmbtnwdghuaoKcJd10jYwrKSABHK6AC8Oyb3uSA2dqoNOGnh7mLocuhFZDFLI8H8fcIL8X6nJqlyrYqHJuOMaTa"
  ],
  "fieldMap": {
    "key1": 1574924532137,
    "key2": 1574924532137,
    "key0": 1574924532137,
    "key5": false,
    "key6": true,
    "key3": 0.3898105136681842,
    "key4": true,
    "key9": -1209408594,
    "key7": 2618492746430462405,
    "key8": "eWCezTdWsd3jbuPSaKCIfimIwkkogseo3ReSRMR",
    "key22": 1574924532137,
    "key21": 204551936,
    "key20": -4524900076381691576,
    "key15": 0.6858461703071509,
    "key14": 1574924532137,
    "key36": 300726657,
    "key13": false,
    "key35": "lAf3JU",
    "key12": "jYder",
    "key34": 1574924532137,
    "key19": "x0kZ6HNdSj6qpcIW",
    "key18": false,
    "key17": "sG3fWMr2k1XeJaSJ0kOpneRQEAGMkt6YZuopAFq9nVGUNtkzMHt00Eem",
    "key16": "Z6IFFyvyiyVzgJTkBaTZW17VViIgme9Iy864ea3sXAEIgTosey925bgQizkp2OS6IA4LvOPew7ptk5m",
    "key11": 0.957925787948702,
    "key33": "OFwG1L2ELIb8eU443bqk6cxIrsvmDh6mr1ui2VL2WTPwJ0MB",
    "key10": true,
    "key32": 1574924532137,
    "key31": "dulaerpMJxNidifXOeIW5dsqZxN21Y86viBUIl4lxdmg43flaXUF",
    "key30": 0.24927387002726964,
    "key26": false,
    "key25": 0.4619890981693733,
    "key24": 1574924532137,
    "key23": 0.7867248439523016,
    "key29": 1059641610,
    "key28": 5112935684695151657,
    "key27": true
  }
}
